{
  "video_2": {
    "total_faces": 30,
    "average_size": [
      111.0,
      111.0
    ],
    "quality_scores": {
      "face_v2_f000044_0.jpg": 0.5754161665317654,
      "face_v2_f000053_0.jpg": 0.5753571636894201,
      "face_v2_f000054_0.jpg": 0.5753161291814534,
      "face_v2_f000069_0.jpg": 0.5746872991863068,
      "face_v2_f000086_0.jpg": 0.5755754970164091,
      "face_v2_f000126_0.jpg": 0.5753940248919186,
      "face_v2_f000156_0.jpg": 0.5805779554791991,
      "face_v2_f000158_0.jpg": 0.5715017356546963,
      "face_v2_f000163_0.jpg": 0.5735086495802313,
      "face_v2_f000173_0.jpg": 0.5718643916631605,
      "face_v2_f000173_1.jpg": 0.5724116424215356,
      "face_v2_f000174_0.jpg": 0.5331164839408885,
      "face_v2_f000175_0.jpg": 0.5731069124447365,
      "face_v2_f000175_1.jpg": 0.571818920339795,
      "face_v2_f000199_0.jpg": 0.5716347954472187,
      "face_v2_f000200_0.jpg": 0.5717491764140239,
      "face_v2_f000201_0.jpg": 0.5712198105203101,
      "face_v2_f000202_0.jpg": 0.5703600799945423,
      "face_v2_f000202_1.jpg": 0.5741763650482162,
      "face_v2_f000203_0.jpg": 0.5706351262373652,
      "face_v2_f000214_0.jpg": 0.5705735462055262,
      "face_v2_f000215_0.jpg": 0.5713480500445932,
      "face_v2_f000216_0.jpg": 0.57167227654576,
      "face_v2_f000217_0.jpg": 0.5717278265963064,
      "face_v2_f000218_0.jpg": 0.5725197093932036,
      "face_v2_f000226_0.jpg": 0.5737241770363585,
      "face_v2_f000242_0.jpg": 0.5750561078309023,
      "face_v2_f000266_0.jpg": 0.5755682716724919,
      "face_v2_f000267_0.jpg": 0.5753979099267162,
      "face_v2_f000272_0.jpg": 0.5752822550385629
    },
    "high_quality_count": 0
  },
  "video_3": {
    "total_faces": 61,
    "average_size": [
      120.19672131147541,
      120.19672131147541
    ],
    "quality_scores": {
      "face_v3_f000015_0.jpg": 0.5725423001802706,
      "face_v3_f000017_0.jpg": 0.5715006347812871,
      "face_v3_f000018_0.jpg": 0.5712052445308426,
      "face_v3_f000019_0.jpg": 0.5709679489122581,
      "face_v3_f000020_0.jpg": 0.5700919400198021,
      "face_v3_f000020_1.jpg": 0.5707877735059326,
      "face_v3_f000021_0.jpg": 0.5705119123831672,
      "face_v3_f000021_1.jpg": 0.5703185799685263,
      "face_v3_f000021_2.jpg": 0.5705193254536719,
      "face_v3_f000023_0.jpg": 0.5704822378758436,
      "face_v3_f000023_1.jpg": 0.5700300556196928,
      "face_v3_f000023_2.jpg": 0.5705889054324647,
      "face_v3_f000024_0.jpg": 0.5704083736461147,
      "face_v3_f000025_0.jpg": 0.5706497100741826,
      "face_v3_f000026_0.jpg": 0.5708956534652629,
      "face_v3_f000027_0.jpg": 0.5708046566884335,
      "face_v3_f000028_0.jpg": 0.5709158867760886,
      "face_v3_f000030_0.jpg": 0.5686783719741686,
      "face_v3_f000031_0.jpg": 0.5690642521207941,
      "face_v3_f000032_0.jpg": 0.5707746260004817,
      "face_v3_f000036_0.jpg": 0.5686943519034507,
      "face_v3_f000038_0.jpg": 0.5721453206794413,
      "face_v3_f000044_0.jpg": 0.5744384332674244,
      "face_v3_f000048_0.jpg": 0.5704206774607617,
      "face_v3_f000049_0.jpg": 0.5745796561028315,
      "face_v3_f000051_0.jpg": 0.5694148282120483,
      "face_v3_f000053_0.jpg": 0.5708910207117767,
      "face_v3_f000053_1.jpg": 0.568723744085413,
      "face_v3_f000055_0.jpg": 0.5707187305242438,
      "face_v3_f000056_0.jpg": 0.5701679036156754,
      "face_v3_f000058_0.jpg": 0.5734860164732156,
      "face_v3_f000058_1.jpg": 0.5690821193299841,
      "face_v3_f000059_0.jpg": 0.4400283064518423,
      "face_v3_f000060_0.jpg": 0.5508398237768959,
      "face_v3_f000061_0.jpg": 0.5719072348005871,
      "face_v3_f000064_0.jpg": 0.573882863292489,
      "face_v3_f000065_0.jpg": 0.571238573358182,
      "face_v3_f000066_0.jpg": 0.5748084151594769,
      "face_v3_f000067_0.jpg": 0.5710587308143437,
      "face_v3_f000068_0.jpg": 0.5758901415587053,
      "face_v3_f000075_0.jpg": 0.5707702814368462,
      "face_v3_f000076_0.jpg": 0.571601291143262,
      "face_v3_f000077_0.jpg": 0.5710499340108985,
      "face_v3_f000078_0.jpg": 0.5707506335764329,
      "face_v3_f000082_0.jpg": 0.569616224440423,
      "face_v3_f000083_0.jpg": 0.5699190025853889,
      "face_v3_f000084_0.jpg": 0.5689178657401898,
      "face_v3_f000084_1.jpg": 0.5701200262715223,
      "face_v3_f000085_0.jpg": 0.5687992919793019,
      "face_v3_f000085_1.jpg": 0.5703397250090728,
      "face_v3_f000086_0.jpg": 0.5700937115052085,
      "face_v3_f000088_0.jpg": 0.5700096867369434,
      "face_v3_f000089_0.jpg": 0.5751827823421749,
      "face_v3_f000090_0.jpg": 0.5741092452351314,
      "face_v3_f000091_0.jpg": 0.5880877406147667,
      "face_v3_f000095_0.jpg": 0.5699853096164481,
      "face_v3_f000104_0.jpg": 0.5698405337427483,
      "face_v3_f000105_0.jpg": 0.570336469003163,
      "face_v3_f000107_0.jpg": 0.5698045646523595,
      "face_v3_f000112_0.jpg": 0.5705238538530961,
      "face_v3_f000113_0.jpg": 0.5704131003018071
    },
    "high_quality_count": 0
  },
  "video_4": {
    "total_faces": 44,
    "average_size": [
      121.18181818181819,
      121.18181818181819
    ],
    "quality_scores": {
      "face_v4_f000000_0.jpg": 0.5713083223479144,
      "face_v4_f000001_0.jpg": 0.5715204673210095,
      "face_v4_f000002_0.jpg": 0.5726003708919533,
      "face_v4_f000002_1.jpg": 0.5714734386917497,
      "face_v4_f000003_0.jpg": 0.5716098200518313,
      "face_v4_f000004_0.jpg": 0.5729216780645416,
      "face_v4_f000004_1.jpg": 0.5713531208391724,
      "face_v4_f000005_0.jpg": 0.5730844982463879,
      "face_v4_f000006_0.jpg": 0.5726176389551261,
      "face_v4_f000006_1.jpg": 0.5715152865685453,
      "face_v4_f000007_0.jpg": 0.5729089717891328,
      "face_v4_f000007_1.jpg": 0.5714053152188209,
      "face_v4_f000008_0.jpg": 0.5712954761147666,
      "face_v4_f000010_0.jpg": 0.5719607705145573,
      "face_v4_f000014_0.jpg": 0.5725238826257855,
      "face_v4_f000015_0.jpg": 0.5725520030045801,
      "face_v4_f000021_0.jpg": 0.48110321451959304,
      "face_v4_f000023_0.jpg": 0.38959528032310164,
      "face_v4_f000025_0.jpg": 0.5713468320990174,
      "face_v4_f000031_0.jpg": 0.5727728959596741,
      "face_v4_f000033_0.jpg": 0.5729889457478311,
      "face_v4_f000034_0.jpg": 0.5728444713684261,
      "face_v4_f000035_0.jpg": 0.5728114005465728,
      "face_v4_f000036_0.jpg": 0.571054913743144,
      "face_v4_f000037_0.jpg": 0.5713380355732741,
      "face_v4_f000040_0.jpg": 0.5724544390772329,
      "face_v4_f000040_1.jpg": 0.572208124175455,
      "face_v4_f000041_0.jpg": 0.5723014436397974,
      "face_v4_f000042_0.jpg": 0.572289259466023,
      "face_v4_f000047_0.jpg": 0.5731990315677395,
      "face_v4_f000058_0.jpg": 0.5724826759747399,
      "face_v4_f000059_0.jpg": 0.5727701081233891,
      "face_v4_f000067_0.jpg": 0.572638240671777,
      "face_v4_f000068_0.jpg": 0.5722172331559738,
      "face_v4_f000069_0.jpg": 0.5899633041863119,
      "face_v4_f000078_0.jpg": 0.5726160718032207,
      "face_v4_f000087_0.jpg": 0.5717199156769157,
      "face_v4_f000088_0.jpg": 0.5905624048899422,
      "face_v4_f000088_1.jpg": 0.5734146175107435,
      "face_v4_f000089_0.jpg": 0.5892724490610792,
      "face_v4_f000090_0.jpg": 0.5895763988587819,
      "face_v4_f000091_0.jpg": 0.5927345104073246,
      "face_v4_f000097_0.jpg": 0.5724417811583263,
      "face_v4_f000097_1.jpg": 0.5804156639543145
    },
    "high_quality_count": 0
  },
  "video_5": {
    "total_faces": 119,
    "average_size": [
      125.38,
      125.38
    ],
    "quality_scores": {
      "face_v5_f000007_0.jpg": 0.5710894548624514,
      "face_v5_f000009_0.jpg": 0.5733507717047704,
      "face_v5_f000015_0.jpg": 0.5691756709328322,
      "face_v5_f000016_0.jpg": 0.5718311493533768,
      "face_v5_f000019_0.jpg": 0.5717939134222775,
      "face_v5_f000021_0.jpg": 0.5723874960680949,
      "face_v5_f000023_0.jpg": 0.5727766730379169,
      "face_v5_f000026_0.jpg": 0.5727128955370644,
      "face_v5_f000028_0.jpg": 0.5727493893644832,